year_month,gender,category_code,category_name,parent_code,parent_name,rank,product_id,brand,brand_name,product_name,image_url,discontinued
2026-01,A,000,전체 랭킹,,,1,5532467,suare,수아레,라이트 시어쉘 패딩 점퍼 - 3 COLOR,https://image.msscdn.net/images/goods_img/20250925/5532467/5532467_17875486261088_500.jpg,False
2026-01,A,000,전체 랭킹,,,2,4454243,nike,나이키,에어 포스 1 07 W - 카카오 와우:샌드드리프트 / FQ8901-259,https://image.msscdn.net/images/goods_img/20240923/4454243/4454243_17280182796756_500.jpg,False
2026-01,A,000,전체 랭킹,,,3,5367961,dimitriblack,디미트리블랙,[기모선택] VLAD 원턱 커브드 트랙 스웻 팬츠_피그먼트 차콜,https://image.msscdn.net/images/goods_img/20250827/5367961/5367961_17564338248285_500.jpg,False
2026-01,A,000,전체 랭킹,,,4,5453617,suare,수아레,데일리 헨리넥 니트 - 5 COLOR,https://image.msscdn.net/images/goods_img/20250912/5453617/5453617_17593914818524_500.jpg,False
2026-01,A,000,전체 랭킹,,,5,3882622,oddtype,오드타입,언씬 벌룬 틴트 16종,https://image.msscdn.net/images/goods_img/20240220/3882622/3882622_17912472615652_500.jpg,False
2026-01,A,000,전체 랭킹,,,6,4356794,musinsastandard,무신사 스탠다드,시티 레저 후디드 라이트 다운 재킷 [블랙],https://image.msscdn.net/images/goods_img/20240822/4356794/4356794_17890558965193_500.jpg,False
2026-01,A,000,전체 랭킹,,,7,5706927,they,데이,스웨이드 레더 무스탕 자켓_BROWN,https://image.msscdn.net/images/goods_img/20251110/5706927/5706927_17645684970848_500.jpg,False
2026-01,A,000,전체 랭킹,,,8,1551839,xero,제로,Deep One Tuck Sweat Pants [Black],https://image.msscdn.net/images/goods_img/20200818/1551839/1551839_1_500.jpg,False
2026-01,A,000,전체 랭킹,,,9,4356796,musinsastandard,무신사 스탠다드,시티 레저 후디드 라이트 다운 재킷 [클라우디 블루],https://image.msscdn.net/images/goods_img/20240822/4356796/4356796_17890958178016_500.jpg,False
2026-01,A,000,전체 랭킹,,,10,3780728,maninstore,무드인사이드,남여공용 푸퍼 숏패딩_7Color,https://image.msscdn.net/images/goods_img/20240108/3780728/3780728_17605828944256_500.jpg,False
2026-01,A,000,전체 랭킹,,,11,2098325,drawfit,드로우핏,프리미어 퓨어 캐시미어 발마칸 코트 [BLACK],https://image.msscdn.net/images/goods_img/20210830/2098325/2098325_17621500792692_500.jpg,False
2026-01,A,000,전체 랭킹,,,12,1551840,xero,제로,Deep One Tuck Sweat Pants [Grey],https://image.msscdn.net/images/goods_img/20200818/1551840/1551840_1_500.jpg,False
2026-01,A,000,전체 랭킹,,,13,3976349,nike,나이키,에어 포스 1 07 M - 블랙 / CW2288-001,https://image.msscdn.net/images/goods_img/20240321/3976349/3976349_17115804555461_500.jpg,False
2026-01,A,000,전체 랭킹,,,14,3976350,nike,나이키,에어 포스 1 07 M - 화이트 / CW2288-111,https://image.msscdn.net/images/goods_img/20240321/3976350/3976350_17115804993997_500.jpg,False
2026-01,A,000,전체 랭킹,,,15,991339,musinsastandard,무신사 스탠다드,라이트웨이트 크루 삭스 7팩 [화이트],https://image.msscdn.net/images/goods_img/20190322/991339/991339_17138316859815_500.jpg,False
2026-01,A,000,전체 랭킹,,,16,750908,wholovesart,후러브스아트,[기모 or 논기모] 유니섹스 세미 와이드 밴딩 슬랙스 블랙,https://image.msscdn.net/images/goods_img/20180406/750908/750908_17736379434172_500.jpg,False
2026-01,A,000,전체 랭킹,,,17,5858223,beaund,뷰앤디,앤모드 PRO 에스더버니 에디션,https://image.msscdn.net/images/goods_img/20251229/5858223/5858223_17693886613573_500.jpg,False
2026-01,A,000,전체 랭킹,,,18,1844582,brenson,브렌슨,(Renew Ver.) 원턱 와이드 스웨트 팬츠 ( 8Color ) ( 기모선택 ),https://image.msscdn.net/images/goods_img/20210315/1844582/1844582_17774456564921_500.jpg,False
2026-01,A,000,전체 랭킹,,,19,5549649,thisisneverthat,디스이즈네버댓,PERTEX T Down Jacket Black,https://image.msscdn.net/images/goods_img/20250930/5549649/5549649_17592979752281_500.jpg,False
2026-01,A,000,전체 랭킹,,,20,2054418,calvinkleinunderwear,캘빈클라인 언더웨어,남성 WB 코튼 스트레치 버라이어티 팩 트렁크 3PK_NP2312OUB1,https://image.msscdn.net/images/goods_img/20210809/2054418/2054418_17881584114472_500.jpg,False
2026-01,A,000,전체 랭킹,,,21,2112061,gakka2,가까이 유니언즈,[여름 or 기모 or 사계절 원단 선택] 원턱 와이드 스웨트팬츠 블랙,https://image.msscdn.net/images/goods_img/20210906/2112061/2112061_17459952841713_500.jpg,False
2026-01,A,000,전체 랭킹,,,22,5498292,leathery,레더리,M-65 피쉬테일 오버핏 롱파카 [2COLOR],https://image.msscdn.net/images/goods_img/20250919/5498292/5498292_17628429956754_500.jpg,False
2026-01,A,000,전체 랭킹,,,23,1528287,jansport,잔스포츠,슈퍼브레이크 BLACK,https://image.msscdn.net/images/goods_img/20200728/1528287/1528287_17827983099382_500.jpg,False
2026-01,A,000,전체 랭킹,,,24,5745674,adidas,아디다스,미니 에어라이너 백 IL9610,https://image.msscdn.net/images/goods_img/20251118/5745674/5745674_17634309494776_500.jpg,False
2026-01,A,000,전체 랭킹,,,25,2086653,musinsastandard,무신사 스탠다드,레이어드 크루 넥 티셔츠_일반 기장 [화이트],https://image.msscdn.net/images/goods_img/20210825/2086653/2086653_17772494800708_500.jpg,False
2026-01,A,000,전체 랭킹,,,26,5745402,thenorthface,노스페이스,NJ1DS53J 화이트라벨 프로젝트 다운 자켓 (RDS) BLACK,https://image.msscdn.net/images/goods_img/20251118/5745402/5745402_17827989277571_500.jpg,False
2026-01,A,000,전체 랭킹,,,27,5584684,adidas,아디다스,루즈 데님 팬츠 - 블루데님 / JN0726,https://image.msscdn.net/images/goods_img/20251013/5584684/5584684_17604252093047_500.jpg,False
2026-01,A,000,전체 랭킹,,,28,1220731,musinsastandard,무신사 스탠다드,사피아노 신세틱 레더 벨트_30mm,https://image.msscdn.net/images/goods_img/20191112/1220731/1220731_17816824726051_500.jpg,False
2026-01,A,000,전체 랭킹,,,29,4531994,spao,스파오,베이직 푸퍼_SPJPF4TC11,https://image.msscdn.net/images/goods_img/20241018/4531994/4531994_17630006565087_500.jpg,False
2026-01,A,000,전체 랭킹,,,30,5706908,they,데이,스웨이드 레더 무스탕 자켓_BLACK,https://image.msscdn.net/images/goods_img/20251110/5706908/5706908_17663797181011_500.jpg,False
2026-01,M,000,전체 랭킹,,,1,5532467,suare,수아레,라이트 시어쉘 패딩 점퍼 - 3 COLOR,https://image.msscdn.net/images/goods_img/20250925/5532467/5532467_17875486261088_500.jpg,False
2026-01,M,000,전체 랭킹,,,2,4454243,nike,나이키,에어 포스 1 07 W - 카카오 와우:샌드드리프트 / FQ8901-259,https://image.msscdn.net/images/goods_img/20240923/4454243/4454243_17280182796756_500.jpg,False
2026-01,M,000,전체 랭킹,,,3,5453617,suare,수아레,데일리 헨리넥 니트 - 5 COLOR,https://image.msscdn.net/images/goods_img/20250912/5453617/5453617_17593914818524_500.jpg,False
2026-01,M,000,전체 랭킹,,,4,5706927,they,데이,스웨이드 레더 무스탕 자켓_BROWN,https://image.msscdn.net/images/goods_img/20251110/5706927/5706927_17645684970848_500.jpg,False
2026-01,M,000,전체 랭킹,,,5,2098325,drawfit,드로우핏,프리미어 퓨어 캐시미어 발마칸 코트 [BLACK],https://image.msscdn.net/images/goods_img/20210830/2098325/2098325_17621500792692_500.jpg,False
2026-01,M,000,전체 랭킹,,,6,5367961,dimitriblack,디미트리블랙,[기모선택] VLAD 원턱 커브드 트랙 스웻 팬츠_피그먼트 차콜,https://image.msscdn.net/images/goods_img/20250827/5367961/5367961_17564338248285_500.jpg,False
2026-01,M,000,전체 랭킹,,,7,4356794,musinsastandard,무신사 스탠다드,시티 레저 후디드 라이트 다운 재킷 [블랙],https://image.msscdn.net/images/goods_img/20240822/4356794/4356794_17890558965193_500.jpg,False
2026-01,M,000,전체 랭킹,,,8,1551839,xero,제로,Deep One Tuck Sweat Pants [Black],https://image.msscdn.net/images/goods_img/20200818/1551839/1551839_1_500.jpg,False
2026-01,M,000,전체 랭킹,,,9,3976349,nike,나이키,에어 포스 1 07 M - 블랙 / CW2288-001,https://image.msscdn.net/images/goods_img/20240321/3976349/3976349_17115804555461_500.jpg,False
2026-01,M,000,전체 랭킹,,,10,3780728,maninstore,무드인사이드,남여공용 푸퍼 숏패딩_7Color,https://image.msscdn.net/images/goods_img/20240108/3780728/3780728_17605828944256_500.jpg,False
2026-01,M,000,전체 랭킹,,,11,1551840,xero,제로,Deep One Tuck Sweat Pants [Grey],https://image.msscdn.net/images/goods_img/20200818/1551840/1551840_1_500.jpg,False
2026-01,M,000,전체 랭킹,,,12,3976350,nike,나이키,에어 포스 1 07 M - 화이트 / CW2288-111,https://image.msscdn.net/images/goods_img/20240321/3976350/3976350_17115804993997_500.jpg,False
2026-01,M,000,전체 랭킹,,,13,750908,wholovesart,후러브스아트,[기모 or 논기모] 유니섹스 세미 와이드 밴딩 슬랙스 블랙,https://image.msscdn.net/images/goods_img/20180406/750908/750908_17736379434172_500.jpg,False
2026-01,M,000,전체 랭킹,,,14,2054418,calvinkleinunderwear,캘빈클라인 언더웨어,남성 WB 코튼 스트레치 버라이어티 팩 트렁크 3PK_NP2312OUB1,https://image.msscdn.net/images/goods_img/20210809/2054418/2054418_17881584114472_500.jpg,False
2026-01,M,000,전체 랭킹,,,15,1220731,musinsastandard,무신사 스탠다드,사피아노 신세틱 레더 벨트_30mm,https://image.msscdn.net/images/goods_img/20191112/1220731/1220731_17816824726051_500.jpg,False
2026-01,M,000,전체 랭킹,,,16,2086653,musinsastandard,무신사 스탠다드,레이어드 크루 넥 티셔츠_일반 기장 [화이트],https://image.msscdn.net/images/goods_img/20210825/2086653/2086653_17772494800708_500.jpg,False
2026-01,M,000,전체 랭킹,,,17,991339,musinsastandard,무신사 스탠다드,라이트웨이트 크루 삭스 7팩 [화이트],https://image.msscdn.net/images/goods_img/20190322/991339/991339_17138316859815_500.jpg,False
2026-01,M,000,전체 랭킹,,,18,5706908,they,데이,스웨이드 레더 무스탕 자켓_BLACK,https://image.msscdn.net/images/goods_img/20251110/5706908/5706908_17663797181011_500.jpg,False
2026-01,M,000,전체 랭킹,,,19,3276429,kinchi,킨치,SHOWER - 808 (a) / BLACK,https://image.msscdn.net/images/goods_img/20230504/3276429/3276429_17770163028829_500.jpg,False
2026-01,M,000,전체 랭킹,,,20,1844582,brenson,브렌슨,(Renew Ver.) 원턱 와이드 스웨트 팬츠 ( 8Color ) ( 기모선택 ),https://image.msscdn.net/images/goods_img/20210315/1844582/1844582_17774456564921_500.jpg,False
2026-01,M,000,전체 랭킹,,,21,5717292,workonbodyoff,워크온바디오프,레스티드 세미 오버핏 모크넥 니트 (4color),https://image.msscdn.net/images/goods_img/20251111/5717292/5717292_17628566884439_500.jpg,False
2026-01,M,000,전체 랭킹,,,22,595039,drmartens,닥터마틴,1461 3홀 블랙 스무스 / 11838002,https://image.msscdn.net/images/goods_img/20170728/595039/595039_5_500.jpg,False
2026-01,M,000,전체 랭킹,,,23,5549649,thisisneverthat,디스이즈네버댓,PERTEX T Down Jacket Black,https://image.msscdn.net/images/goods_img/20250930/5549649/5549649_17592979752281_500.jpg,False
2026-01,M,000,전체 랭킹,,,24,1149329,musinsastandard,무신사 스탠다드,세미 와이드 히든 밴딩 슬랙스 [블랙],https://image.msscdn.net/images/goods_img/20190910/1149329/1149329_17775152531848_500.jpg,False
2026-01,M,000,전체 랭킹,,,25,1595638,musinsastandard,무신사 스탠다드,[힛탠다드] 맨즈 타이즈_이너 웨어 [블랙],https://image.msscdn.net/images/goods_img/20200910/1595638/1595638_17720072183305_500.jpg,False
2026-01,M,000,전체 랭킹,,,26,4531994,spao,스파오,베이직 푸퍼_SPJPF4TC11,https://image.msscdn.net/images/goods_img/20241018/4531994/4531994_17630006565087_500.jpg,False
2026-01,M,000,전체 랭킹,,,27,5745402,thenorthface,노스페이스,NJ1DS53J 화이트라벨 프로젝트 다운 자켓 (RDS) BLACK,https://image.msscdn.net/images/goods_img/20251118/5745402/5745402_17827989277571_500.jpg,False
2026-01,M,000,전체 랭킹,,,28,5050705,adidas,아디다스,레알 마드리드 99/00 홈 저지 JJ3801,https://image.msscdn.net/images/goods_img/20250422/5050705/5050705_17452965231536_500.jpg,False
2026-01,M,000,전체 랭킹,,,29,1168906,musinsastandard,무신사 스탠다드,와이드 히든 밴딩 슬랙스 [블랙],https://image.msscdn.net/images/goods_img/20190927/1168906/1168906_17224121763738_500.jpg,False
2026-01,M,000,전체 랭킹,,,30,5017095,adidas,아디다스,레알 마드리드 99/00 트랙탑 JW1993,https://image.msscdn.net/images/goods_img/20250411/5017095/5017095_17443520998004_500.jpg,False
2026-01,F,000,전체 랭킹,,,1,3882622,oddtype,오드타입,언씬 벌룬 틴트 16종,https://image.msscdn.net/images/goods_img/20240220/3882622/3882622_17912472615652_500.jpg,False
2026-01,F,000,전체 랭킹,,,2,5858223,beaund,뷰앤디,앤모드 PRO 에스더버니 에디션,https://image.msscdn.net/images/goods_img/20251229/5858223/5858223_17693886613573_500.jpg,False
2026-01,F,000,전체 랭킹,,,3,4454243,nike,나이키,에어 포스 1 07 W - 카카오 와우:샌드드리프트 / FQ8901-259,https://image.msscdn.net/images/goods_img/20240923/4454243/4454243_17280182796756_500.jpg,False
2026-01,F,000,전체 랭킹,,,4,5367961,dimitriblack,디미트리블랙,[기모선택] VLAD 원턱 커브드 트랙 스웻 팬츠_피그먼트 차콜,https://image.msscdn.net/images/goods_img/20250827/5367961/5367961_17564338248285_500.jpg,False
2026-01,F,000,전체 랭킹,,,5,5369398,toffeewomen,토피 우먼,W 버튼 포인트 비니 (3 COLOR),https://image.msscdn.net/images/goods_img/20250827/5369398/5369398_17631065080102_500.jpg,False
2026-01,F,000,전체 랭킹,,,6,1528287,jansport,잔스포츠,슈퍼브레이크 BLACK,https://image.msscdn.net/images/goods_img/20200728/1528287/1528287_17827983099382_500.jpg,False
2026-01,F,000,전체 랭킹,,,7,5360472,spao,스파오,[씬라이트] 후드 재킷_SPJPF4TC24,https://image.msscdn.net/images/goods_img/20250825/5360472/5360472_17617884957420_500.png,False
2026-01,F,000,전체 랭킹,,,8,5448897,2000archives,2000아카이브스,SNYDER WIDE DENIM (BLUE),https://image.msscdn.net/images/goods_img/20250912/5448897/5448897_17580045369543_500.jpg,False
2026-01,F,000,전체 랭킹,,,9,5818844,mac,맥,NEW 파우더 키스 헤이지 매트 립스틱,https://image.msscdn.net/images/goods_img/20251210/5818844/5818844_17673086880298_500.jpg,False
2026-01,F,000,전체 랭킹,,,10,5498292,leathery,레더리,M-65 피쉬테일 오버핏 롱파카 [2COLOR],https://image.msscdn.net/images/goods_img/20250919/5498292/5498292_17628429956754_500.jpg,False
2026-01,F,000,전체 랭킹,,,11,1844582,brenson,브렌슨,(Renew Ver.) 원턱 와이드 스웨트 팬츠 ( 8Color ) ( 기모선택 ),https://image.msscdn.net/images/goods_img/20210315/1844582/1844582_17774456564921_500.jpg,False
2026-01,F,000,전체 랭킹,,,12,4945148,adidas,아디다스,아디컬러 클래식 트랙탑 (와플) - 원더화이트 / JW0109,https://image.msscdn.net/images/goods_img/20250326/4945148/4945148_17453139295013_500.jpg,False
2026-01,F,000,전체 랭킹,,,13,2112061,gakka2,가까이 유니언즈,[여름 or 기모 or 사계절 원단 선택] 원턱 와이드 스웨트팬츠 블랙,https://image.msscdn.net/images/goods_img/20210906/2112061/2112061_17459952841713_500.jpg,False
2026-01,F,000,전체 랭킹,,,14,4612241,partimento,파르티멘토,1950 N2B 밀리터리 숏 파카 블랙,https://image.msscdn.net/images/goods_img/20241113/4612241/4612241_17316309592958_500.jpg,False
2026-01,F,000,전체 랭킹,,,15,5549649,thisisneverthat,디스이즈네버댓,PERTEX T Down Jacket Black,https://image.msscdn.net/images/goods_img/20250930/5549649/5549649_17592979752281_500.jpg,False
2026-01,F,000,전체 랭킹,,,16,5846524,weverse,위버스,[단독특전] 엔하이픈 (ENHYPEN) THE SIN : VANISH (Set),https://image.msscdn.net/images/goods_img/20251222/5846524/5846524_17664014390753_500.png,False
2026-01,F,000,전체 랭킹,,,17,1551839,xero,제로,Deep One Tuck Sweat Pants [Black],https://image.msscdn.net/images/goods_img/20200818/1551839/1551839_1_500.jpg,False
2026-01,F,000,전체 랭킹,,,18,1735427,selfesteem,에스이에스티,[2PACK] 와이드핏 트레이닝 스웨트 팬츠 - 6color,https://image.msscdn.net/images/goods_img/20210104/1735427/1735427_17646558259203_500.jpg,False
2026-01,F,000,전체 랭킹,,,19,5199080,nike,나이키,에어 조던 1 브루클린 로우 W - 블랙:화이트:메탈릭 블랙 / HF3184-001,https://image.msscdn.net/images/goods_img/20250620/5199080/5199080_17508356112720_500.jpg,False
2026-01,F,000,전체 랭킹,,,20,5432652,tansanmagnesium,탄산마그네슘,마운틴 롱슬리브 (화이트/레드),https://image.msscdn.net/images/prd_img/20250909/5432652/detail_5432652_17899572760865_500.jpg,False
2026-01,F,000,전체 랭킹,,,21,3780728,maninstore,무드인사이드,남여공용 푸퍼 숏패딩_7Color,https://image.msscdn.net/images/goods_img/20240108/3780728/3780728_17605828944256_500.jpg,False
2026-01,F,000,전체 랭킹,,,22,4678344,newbalance,뉴발란스,NBPDGS102B / U740BM2 (BLACK),https://image.msscdn.net/images/goods_img/20241223/4678344/4678344_17356097869270_500.jpg,False
2026-01,F,000,전체 랭킹,,,23,5315802,hugyourskin,허그유어스킨,후드 하프 코트 (차콜),https://image.msscdn.net/images/goods_img/20250812/5315802/5315802_17901502512763_500.jpg,False
2026-01,F,000,전체 랭킹,,,24,3641799,matinkim,마뗑킴,VINTAGE CARD WALLET IN BLACK,https://image.msscdn.net/images/goods_img/20231019/3641799/3641799_16977006529529_500.jpg,False
2026-01,F,000,전체 랭킹,,,25,2700048,musinsastandardwoman,무신사 스탠다드 우먼,우먼즈 캐시미어 블렌드 발마칸 로브 코트 [블랙],https://image.msscdn.net/images/goods_img/20220805/2700048/2700048_17661148134527_500.jpg,False
2026-01,F,000,전체 랭킹,,,26,5896894,variway,배리웨이,배리웨이 퍼프샷  5BOX(60입),https://image.msscdn.net/images/goods_img/20260115/5896894/5896894_17752835514368_500.png,False
2026-01,F,000,전체 랭킹,,,27,5492383,oafish,오피쉬,"FLUFFY MIX FUR JACKET, LIGHT GRAY",https://image.msscdn.net/images/goods_img/20250919/5492383/5492383_17583815452974_500.jpg,False
2026-01,F,000,전체 랭킹,,,28,2066837,yale,예일,THINK PACK 37L_블랙,https://image.msscdn.net/images/goods_img/20210817/2066837/2066837_17763952691798_500.jpg,False
2026-01,F,000,전체 랭킹,,,29,1551840,xero,제로,Deep One Tuck Sweat Pants [Grey],https://image.msscdn.net/images/goods_img/20200818/1551840/1551840_1_500.jpg,False
2026-01,F,000,전체 랭킹,,,30,5562220,codegraphy,코드그라피,경량 후드 패딩_카키,https://image.msscdn.net/images/prd_img/20251001/5562220/detail_5562220_17888365357077_500.jpg,False
